gtin,element_string,lot,expiry
06335572472486,(01)06335572472486(10)LOTEB8712(17)271117,LOTEB8712,2027-11-17
00470378084016,(01)00470378084016(10)LOTUL7824(17)261128,LOTUL7824,2026-11-28
07578123619599,(01)07578123619599(10)LOTWU6394(17)271219,LOTWU6394,2027-12-19
01558216999698,(01)01558216999698(10)LOTKR7100(17)280404,LOTKR7100,2028-04-04
02500333099101,(01)02500333099101(10)LOTVV1184(17)260422,LOTVV1184,2026-04-22
06384406355419,(01)06384406355419(10)LOTDC7094(17)270911,LOTDC7094,2027-09-11
05156229858979,(01)05156229858979(10)LOTPM2622(17)260514,LOTPM2622,2026-05-14
04382506607485,(01)04382506607485(10)LOTDQ2296(17)260125,LOTDQ2296,2026-01-25
01598569937251,(01)01598569937251(10)LOTOV5105(17)280607,LOTOV5105,2028-06-07
05245699630168,(01)05245699630168(10)LOTNI2140(17)260516,LOTNI2140,2026-05-16
02021118568266,(01)02021118568266(10)LOTEI0588(17)260506,LOTEI0588,2026-05-06
08100466203259,(01)08100466203259(10)LOTAW3557(17)281013,LOTAW3557,2028-10-13
03807959365948,(01)03807959365948(10)LOTWW3812(17)271217,LOTWW3812,2027-12-17
01523520000941,(01)01523520000941(10)LOTUV7470(17)260818,LOTUV7470,2026-08-18
09771850218969,(01)09771850218969(10)LOTAI7384(17)260403,LOTAI7384,2026-04-03
04744036813345,(01)04744036813345(10)LOTJE5618(17)280323,LOTJE5618,2028-03-23
05449761512899,(01)05449761512899(10)LOTXT4450(17)270510,LOTXT4450,2027-05-10
00584494844970,(01)00584494844970(10)LOTUX6456(17)260517,LOTUX6456,2026-05-17
02839548449181,(01)02839548449181(10)LOTKH7719(17)270226,LOTKH7719,2027-02-26
04380940573809,(01)04380940573809(10)LOTJK1597(17)270415,LOTJK1597,2027-04-15
03063163655972,(01)03063163655972(10)LOTWM0198(17)260625,LOTWM0198,2026-06-25
00483740508805,(01)00483740508805(10)LOTEF8361(17)280911,LOTEF8361,2028-09-11
08596488754440,(01)08596488754440(10)LOTMA7655(17)260802,LOTMA7655,2026-08-02
04950608800488,(01)04950608800488(10)LOTQK0383(17)260510,LOTQK0383,2026-05-10
00090837740378,(01)00090837740378(10)LOTDN2563(17)271006,LOTDN2563,2027-10-06
04797448603165,(01)04797448603165(10)LOTCT1671(17)271219,LOTCT1671,2027-12-19
03310433178649,(01)03310433178649(10)LOTHN8577(17)260605,LOTHN8577,2026-06-05
05570512115394,(01)05570512115394(10)LOTWG4205(17)260610,LOTWG4205,2026-06-10
04152180921845,(01)04152180921845(10)LOTWA9460(17)280313,LOTWA9460,2028-03-13
02311450847632,(01)02311450847632(10)LOTYE4308(17)260308,LOTYE4308,2026-03-08
05039360487973,(01)05039360487973(10)LOTJD3174(17)271208,LOTJD3174,2027-12-08
09425952940821,(01)09425952940821(10)LOTFR5933(17)271109,LOTFR5933,2027-11-09
07721178472989,(01)07721178472989(10)LOTDW0546(17)280619,LOTDW0546,2028-06-19
07105803091385,(01)07105803091385(10)LOTPQ3548(17)281012,LOTPQ3548,2028-10-12
05082299668036,(01)05082299668036(10)LOTDZ9659(17)270605,LOTDZ9659,2027-06-05
09381221121615,(01)09381221121615(10)LOTDC2811(17)260405,LOTDC2811,2026-04-05
05039157445957,(01)05039157445957(10)LOTNQ6041(17)280915,LOTNQ6041,2028-09-15
09495772457434,(01)09495772457434(10)LOTGG8635(17)261210,LOTGG8635,2026-12-10
08618752298501,(01)08618752298501(10)LOTTF2620(17)280823,LOTTF2620,2028-08-23
03669646438850,(01)03669646438850(10)LOTVQ4587(17)270123,LOTVQ4587,2027-01-23
00863401665083,(01)00863401665083(10)LOTHR6075(17)270322,LOTHR6075,2027-03-22
07402431653313,(01)07402431653313(10)LOTAN6356(17)261121,LOTAN6356,2026-11-21
01419425574390,(01)01419425574390(10)LOTJX6832(17)260218,LOTJX6832,2026-02-18
00056483493556,(01)00056483493556(10)LOTZK3424(17)270301,LOTZK3424,2027-03-01
05972819070343,(01)05972819070343(10)LOTSN8194(17)260316,LOTSN8194,2026-03-16
02483894669535,(01)02483894669535(10)LOTZW3748(17)260604,LOTZW3748,2026-06-04
05544255523020,(01)05544255523020(10)LOTSW3966(17)260217,LOTSW3966,2026-02-17
06876303363692,(01)06876303363692(10)LOTMB0466(17)261002,LOTMB0466,2026-10-02
09586958391151,(01)09586958391151(10)LOTER8423(17)260316,LOTER8423,2026-03-16
07461911232189,(01)07461911232189(10)LOTET9322(17)271018,LOTET9322,2027-10-18
00096912558753,(01)00096912558753(10)LOTFA8555(17)261214,LOTFA8555,2026-12-14
09189440343234,(01)09189440343234(10)LOTOH8840(17)270403,LOTOH8840,2027-04-03
09803237156455,(01)09803237156455(10)LOTEW7626(17)270703,LOTEW7626,2027-07-03
07207115196533,(01)07207115196533(10)LOTWI3703(17)270808,LOTWI3703,2027-08-08
09219841869924,(01)09219841869924(10)LOTKG8538(17)271024,LOTKG8538,2027-10-24
04433490288034,(01)04433490288034(10)LOTEK2865(17)270622,LOTEK2865,2027-06-22
01842666614288,(01)01842666614288(10)LOTUH2495(17)260711,LOTUH2495,2026-07-11
02579505782097,(01)02579505782097(10)LOTED3831(17)260412,LOTED3831,2026-04-12
00698848938571,(01)00698848938571(10)LOTJZ9314(17)260609,LOTJZ9314,2026-06-09
09627612012088,(01)09627612012088(10)LOTGL5637(17)281213,LOTGL5637,2028-12-13
05913131644614,(01)05913131644614(10)LOTGQ8685(17)261009,LOTGQ8685,2026-10-09
05118143580138,(01)05118143580138(10)LOTTB5228(17)261004,LOTTB5228,2026-10-04
09535711890080,(01)09535711890080(10)LOTPU8295(17)280505,LOTPU8295,2028-05-05
03366929151399,(01)03366929151399(10)LOTEA9042(17)261028,LOTEA9042,2026-10-28
05288904380915,(01)05288904380915(10)LOTDM0005(17)261226,LOTDM0005,2026-12-26
07965341576740,(01)07965341576740(10)LOTXR8420(17)260725,LOTXR8420,2026-07-25
02344019012608,(01)02344019012608(10)LOTEV8900(17)280702,LOTEV8900,2028-07-02
04780011377976,(01)04780011377976(10)LOTRM9252(17)260911,LOTRM9252,2026-09-11
05287855731388,(01)05287855731388(10)LOTFM7238(17)271124,LOTFM7238,2027-11-24
08605434741561,(01)08605434741561(10)LOTKT5886(17)270919,LOTKT5886,2027-09-19
08603403617602,(01)08603403617602(10)LOTFI5798(17)260809,LOTFI5798,2026-08-09
07574183258419,(01)07574183258419(10)LOTOG1306(17)260517,LOTOG1306,2026-05-17
05482611973303,(01)05482611973303(10)LOTMM2630(17)270612,LOTMM2630,2027-06-12
00795756616857,(01)00795756616857(10)LOTQY8833(17)271216,LOTQY8833,2027-12-16
09863056702639,(01)09863056702639(10)LOTWQ2354(17)270722,LOTWQ2354,2027-07-22
01054097570037,(01)01054097570037(10)LOTXN1739(17)270716,LOTXN1739,2027-07-16
04634417922813,(01)04634417922813(10)LOTIX5762(17)281103,LOTIX5762,2028-11-03
08880928624098,(01)08880928624098(10)LOTLD8529(17)280627,LOTLD8529,2028-06-27
02763574667250,(01)02763574667250(10)LOTDW6661(17)260405,LOTDW6661,2026-04-05
03999661506686,(01)03999661506686(10)LOTVU8200(17)260622,LOTVU8200,2026-06-22
06442518228646,(01)06442518228646(10)LOTJG1969(17)261201,LOTJG1969,2026-12-01
01315203223347,(01)01315203223347(10)LOTYW0839(17)280311,LOTYW0839,2028-03-11
01438870093331,(01)01438870093331(10)LOTBI0523(17)280615,LOTBI0523,2028-06-15
07660846181153,(01)07660846181153(10)LOTNW8033(17)260610,LOTNW8033,2026-06-10
05632781820710,(01)05632781820710(10)LOTLW6155(17)280916,LOTLW6155,2028-09-16
02552939094257,(01)02552939094257(10)LOTHE9125(17)271027,LOTHE9125,2027-10-27
04029660604607,(01)04029660604607(10)LOTSX2893(17)270912,LOTSX2893,2027-09-12
04355501562684,(01)04355501562684(10)LOTUZ9412(17)280101,LOTUZ9412,2028-01-01
04784761731347,(01)04784761731347(10)LOTXP2934(17)260706,LOTXP2934,2026-07-06
05023938273891,(01)05023938273891(10)LOTEN7940(17)260723,LOTEN7940,2026-07-23
09842508977917,(01)09842508977917(10)LOTCE5291(17)280617,LOTCE5291,2028-06-17
00384647511298,(01)00384647511298(10)LOTHR8157(17)270610,LOTHR8157,2027-06-10
07944908073694,(01)07944908073694(10)LOTUS0918(17)280104,LOTUS0918,2028-01-04
06154740464517,(01)06154740464517(10)LOTFX8591(17)281202,LOTFX8591,2028-12-02
03129890053709,(01)03129890053709(10)LOTVL0900(17)280102,LOTVL0900,2028-01-02
03082933681737,(01)03082933681737(10)LOTGL0470(17)260221,LOTGL0470,2026-02-21
05216027420911,(01)05216027420911(10)LOTRI0582(17)270907,LOTRI0582,2027-09-07
03008289062525,(01)03008289062525(10)LOTSL8340(17)270906,LOTSL8340,2027-09-06
00459841058877,(01)00459841058877(10)LOTDX3818(17)280911,LOTDX3818,2028-09-11
03278507642048,(01)03278507642048(10)LOTUZ0566(17)270911,LOTUZ0566,2027-09-11
